{"info":{"year":2023,"version":"1.0","description":"VIA project exported to COCO format using VGG Image Annotator (http://www.robots.ox.ac.uk/~vgg/software/via/)","contributor":"","url":"http://www.robots.ox.ac.uk/~vgg/software/via/","date_created":"Thu Nov 02 2023 11:35:09 GMT+0100 (Central European Standard Time)"},"images":[{"id":1,"width":299,"height":168,"file_name":"1.jpeg","license":0,"date_captured":""},{"id":2,"width":284,"height":177,"file_name":"2.jpeg","license":0,"date_captured":""},{"id":3,"width":259,"height":194,"file_name":"3.jpeg","license":0,"date_captured":""},{"id":4,"width":275,"height":183,"file_name":"4.jpeg","license":0,"date_captured":""},{"id":5,"width":318,"height":159,"file_name":"5.jpeg","license":0,"date_captured":""},{"id":6,"width":300,"height":168,"file_name":"6.jpeg","license":0,"date_captured":""},{"id":7,"width":298,"height":169,"file_name":"7.jpeg","license":0,"date_captured":""},{"id":8,"width":275,"height":183,"file_name":"8.jpeg","license":0,"date_captured":""},{"id":9,"width":300,"height":168,"file_name":"9.jpeg","license":0,"date_captured":""},{"id":10,"width":225,"height":225,"file_name":"10.jpeg","license":0,"date_captured":""},{"id":11,"width":262,"height":192,"file_name":"11.jpeg","license":0,"date_captured":""},{"id":12,"width":225,"height":225,"file_name":"12.jpeg","license":0,"date_captured":""},{"id":13,"width":265,"height":190,"file_name":"13.jpeg","license":0,"date_captured":""},{"id":14,"width":270,"height":187,"file_name":"14.jpeg","license":0,"date_captured":""},{"id":15,"width":225,"height":225,"file_name":"15.jpeg","license":0,"date_captured":""},{"id":16,"width":2500,"height":1667,"file_name":"16.jpg","license":0,"date_captured":""},{"id":17,"width":225,"height":225,"file_name":"17.jpeg","license":0,"date_captured":""},{"id":18,"width":294,"height":171,"file_name":"18.jpeg","license":0,"date_captured":""},{"id":19,"width":328,"height":154,"file_name":"19.jpeg","license":0,"date_captured":""},{"id":20,"width":350,"height":144,"file_name":"20.jpeg","license":0,"date_captured":""},{"id":21,"width":225,"height":225,"file_name":"21.jpeg","license":0,"date_captured":""},{"id":22,"width":254,"height":198,"file_name":"22.jpeg","license":0,"date_captured":""},{"id":23,"width":259,"height":194,"file_name":"23.jpeg","license":0,"date_captured":""},{"id":24,"width":288,"height":175,"file_name":"24.jpeg","license":0,"date_captured":""},{"id":25,"width":275,"height":183,"file_name":"25.jpeg","license":0,"date_captured":""},{"id":26,"width":275,"height":183,"file_name":"26.jpeg","license":0,"date_captured":""},{"id":27,"width":289,"height":175,"file_name":"27.jpeg","license":0,"date_captured":""},{"id":28,"width":266,"height":190,"file_name":"28.jpeg","license":0,"date_captured":""},{"id":29,"width":275,"height":183,"file_name":"29.jpeg","license":0,"date_captured":""},{"id":30,"width":299,"height":168,"file_name":"30.jpeg","license":0,"date_captured":""},{"id":31,"width":306,"height":204,"file_name":"31.jpg","license":0,"date_captured":""},{"id":32,"width":1322,"height":800,"file_name":"32.jpg","license":0,"date_captured":""}],"annotations":[{"segmentation":[[53,36,288,36,288,131,53,131]],"area":22325,"bbox":[53,36,235,95],"iscrowd":0,"id":1,"image_id":1,"category_id":1},{"segmentation":[[25,27,251,27,251,157,25,157]],"area":29380,"bbox":[25,27,226,130],"iscrowd":0,"id":2,"image_id":2,"category_id":1},{"segmentation":[[7,22,248,22,248,142,7,142]],"area":28920,"bbox":[7,22,241,120],"iscrowd":0,"id":3,"image_id":3,"category_id":1},{"segmentation":[[22,32,258,32,258,155,22,155]],"area":29028,"bbox":[22,32,236,123],"iscrowd":0,"id":4,"image_id":4,"category_id":1},{"segmentation":[[14,6,303,6,303,145,14,145]],"area":40171,"bbox":[14,6,289,139],"iscrowd":0,"id":5,"image_id":5,"category_id":1},{"segmentation":[[19,17,284,17,284,144,19,144]],"area":33655,"bbox":[19,17,265,127],"iscrowd":0,"id":6,"image_id":6,"category_id":1},{"segmentation":[[37,21,275,21,275,128,37,128]],"area":25466,"bbox":[37,21,238,107],"iscrowd":0,"id":7,"image_id":7,"category_id":1},{"segmentation":[[8,32,259,32,259,142,8,142]],"area":27610,"bbox":[8,32,251,110],"iscrowd":0,"id":8,"image_id":8,"category_id":1},{"segmentation":[[47,51,131,51,131,129,47,129]],"area":6552,"bbox":[47,51,84,78],"iscrowd":0,"id":9,"image_id":9,"category_id":2},{"segmentation":[[182,34,252,34,252,114,182,114]],"area":5600,"bbox":[182,34,70,80],"iscrowd":0,"id":10,"image_id":9,"category_id":2},{"segmentation":[[123,28,191,28,191,152,123,152]],"area":8432,"bbox":[123,28,68,124],"iscrowd":0,"id":11,"image_id":9,"category_id":2},{"segmentation":[[17,50,113,50,113,170,17,170]],"area":11520,"bbox":[17,50,96,120],"iscrowd":0,"id":12,"image_id":10,"category_id":2},{"segmentation":[[102,83,212,83,212,184,102,184]],"area":11110,"bbox":[102,83,110,101],"iscrowd":0,"id":13,"image_id":10,"category_id":2},{"segmentation":[[104,78,153,78,153,138,104,138]],"area":2940,"bbox":[104,78,49,60],"iscrowd":0,"id":14,"image_id":11,"category_id":2},{"segmentation":[[171,110,220,110,220,149,171,149]],"area":1911,"bbox":[171,110,49,39],"iscrowd":0,"id":15,"image_id":11,"category_id":2},{"segmentation":[[191,68,232,68,232,110,191,110]],"area":1722,"bbox":[191,68,41,42],"iscrowd":0,"id":16,"image_id":11,"category_id":2},{"segmentation":[[144,60,187,60,187,99,144,99]],"area":1677,"bbox":[144,60,43,39],"iscrowd":0,"id":17,"image_id":11,"category_id":2},{"segmentation":[[222,128,260,128,260,176,222,176]],"area":1824,"bbox":[222,128,38,48],"iscrowd":0,"id":18,"image_id":11,"category_id":2},{"segmentation":[[144,133,187,133,187,177,144,177]],"area":1892,"bbox":[144,133,43,44],"iscrowd":0,"id":19,"image_id":11,"category_id":2},{"segmentation":[[149,26,184,26,184,62,149,62]],"area":1260,"bbox":[149,26,35,36],"iscrowd":0,"id":20,"image_id":11,"category_id":2},{"segmentation":[[9,24,210,24,210,182,9,182]],"area":31758,"bbox":[9,24,201,158],"iscrowd":0,"id":21,"image_id":12,"category_id":2},{"segmentation":[[79,67,199,67,199,175,79,175]],"area":12960,"bbox":[79,67,120,108],"iscrowd":0,"id":22,"image_id":13,"category_id":2},{"segmentation":[[47,26,221,26,221,129,47,129]],"area":17922,"bbox":[47,26,174,103],"iscrowd":0,"id":23,"image_id":13,"category_id":2},{"segmentation":[[72,65,132,65,132,110,72,110]],"area":2700,"bbox":[72,65,60,45],"iscrowd":0,"id":24,"image_id":14,"category_id":2},{"segmentation":[[61,116,183,116,183,183,61,183]],"area":8174,"bbox":[61,116,122,67],"iscrowd":0,"id":25,"image_id":14,"category_id":2},{"segmentation":[[4,48,63,48,63,164,4,164]],"area":6844,"bbox":[4,48,59,116],"iscrowd":0,"id":26,"image_id":14,"category_id":2},{"segmentation":[[141,2,267,2,267,112,141,112]],"area":13860,"bbox":[141,2,126,110],"iscrowd":0,"id":27,"image_id":14,"category_id":2},{"segmentation":[[42,47,193,47,193,172,42,172]],"area":18875,"bbox":[42,47,151,125],"iscrowd":0,"id":28,"image_id":15,"category_id":2},{"segmentation":[[326,30,637,30,637,347,326,347]],"area":98587,"bbox":[326,30,311,317],"iscrowd":0,"id":29,"image_id":16,"category_id":2},{"segmentation":[[86,334,232,334,232,450,86,450]],"area":16936,"bbox":[86,334,146,116],"iscrowd":0,"id":30,"image_id":16,"category_id":2},{"segmentation":[[651,33,991,33,991,407,651,407]],"area":127160,"bbox":[651,33,340,374],"iscrowd":0,"id":31,"image_id":16,"category_id":2},{"segmentation":[[1083,217,1822,217,1822,767,1083,767]],"area":406450,"bbox":[1083,217,739,550],"iscrowd":0,"id":32,"image_id":16,"category_id":2},{"segmentation":[[624,668,794,668,794,908,624,908]],"area":40800,"bbox":[624,668,170,240],"iscrowd":0,"id":33,"image_id":16,"category_id":2},{"segmentation":[[910,885,1115,885,1115,1160,910,1160]],"area":56375,"bbox":[910,885,205,275],"iscrowd":0,"id":34,"image_id":16,"category_id":2},{"segmentation":[[178,1083,666,1083,666,1559,178,1559]],"area":232288,"bbox":[178,1083,488,476],"iscrowd":0,"id":35,"image_id":16,"category_id":2},{"segmentation":[[1283,992,1792,992,1792,1415,1283,1415]],"area":215307,"bbox":[1283,992,509,423],"iscrowd":0,"id":36,"image_id":16,"category_id":2},{"segmentation":[[2116,275,2420,275,2420,815,2116,815]],"area":164160,"bbox":[2116,275,304,540],"iscrowd":0,"id":37,"image_id":16,"category_id":2},{"segmentation":[[1853,1058,2239,1058,2239,1326,1853,1326]],"area":103448,"bbox":[1853,1058,386,268],"iscrowd":0,"id":38,"image_id":16,"category_id":2},{"segmentation":[[9,83,217,83,217,191,9,191]],"area":22464,"bbox":[9,83,208,108],"iscrowd":0,"id":39,"image_id":17,"category_id":4},{"segmentation":[[38,92,197,92,197,149,38,149]],"area":9063,"bbox":[38,92,159,57],"iscrowd":0,"id":40,"image_id":18,"category_id":4},{"segmentation":[[205,79,282,79,282,155,205,155]],"area":5852,"bbox":[205,79,77,76],"iscrowd":0,"id":41,"image_id":18,"category_id":4},{"segmentation":[[64,57,132,57,132,138,64,138]],"area":5508,"bbox":[64,57,68,81],"iscrowd":0,"id":42,"image_id":19,"category_id":4},{"segmentation":[[136,62,220,62,220,138,136,138]],"area":6384,"bbox":[136,62,84,76],"iscrowd":0,"id":43,"image_id":19,"category_id":4},{"segmentation":[[223,61,289,61,289,135,223,135]],"area":4884,"bbox":[223,61,66,74],"iscrowd":0,"id":44,"image_id":19,"category_id":4},{"segmentation":[[30,8,328,8,328,140,30,140]],"area":39336,"bbox":[30,8,298,132],"iscrowd":0,"id":45,"image_id":20,"category_id":4},{"segmentation":[[94,115,199,115,199,177,94,177]],"area":6510,"bbox":[94,115,105,62],"iscrowd":0,"id":46,"image_id":21,"category_id":4},{"segmentation":[[5,115,89,115,89,210,5,210]],"area":7980,"bbox":[5,115,84,95],"iscrowd":0,"id":47,"image_id":21,"category_id":4},{"segmentation":[[105,39,253,39,253,165,105,165]],"area":18648,"bbox":[105,39,148,126],"iscrowd":0,"id":48,"image_id":22,"category_id":4},{"segmentation":[[36,95,153,95,153,193,36,193]],"area":11466,"bbox":[36,95,117,98],"iscrowd":0,"id":49,"image_id":22,"category_id":4},{"segmentation":[[14,70,241,70,241,176,14,176]],"area":24062,"bbox":[14,70,227,106],"iscrowd":0,"id":50,"image_id":23,"category_id":4},{"segmentation":[[22,23,137,23,137,163,22,163]],"area":16100,"bbox":[22,23,115,140],"iscrowd":0,"id":51,"image_id":24,"category_id":4},{"segmentation":[[185,29,259,29,259,146,185,146]],"area":8658,"bbox":[185,29,74,117],"iscrowd":0,"id":52,"image_id":24,"category_id":4},{"segmentation":[[30,4,260,4,260,174,30,174]],"area":39100,"bbox":[30,4,230,170],"iscrowd":0,"id":53,"image_id":25,"category_id":3},{"segmentation":[[22,23,247,23,247,162,22,162]],"area":31275,"bbox":[22,23,225,139],"iscrowd":0,"id":54,"image_id":26,"category_id":3},{"segmentation":[[26,14,269,14,269,158,26,158]],"area":34992,"bbox":[26,14,243,144],"iscrowd":0,"id":55,"image_id":27,"category_id":3},{"segmentation":[[6,20,260,20,260,164,6,164]],"area":36576,"bbox":[6,20,254,144],"iscrowd":0,"id":56,"image_id":28,"category_id":3},{"segmentation":[[60,40,213,40,213,132,60,132]],"area":14076,"bbox":[60,40,153,92],"iscrowd":0,"id":57,"image_id":29,"category_id":3},{"segmentation":[[31,10,264,10,264,160,31,160]],"area":34950,"bbox":[31,10,233,150],"iscrowd":0,"id":58,"image_id":30,"category_id":3},{"segmentation":[[24,22,283,22,283,198,24,198]],"area":45584,"bbox":[24,22,259,176],"iscrowd":0,"id":59,"image_id":31,"category_id":3},{"segmentation":[[131,93,1210,93,1210,714,131,714]],"area":670059,"bbox":[131,93,1079,621],"iscrowd":0,"id":60,"image_id":32,"category_id":3}],"licenses":[{"id":0,"name":"Unknown License","url":""}],"categories":[{"supercategory":"type","id":1,"name":"Car"},{"supercategory":"type","id":2,"name":"Fruit"},{"supercategory":"type","id":3,"name":"Moto"},{"supercategory":"type","id":4,"name":"Furniture"},{"supercategory":"type","id":null,"name":"Unknown (object)"}]}